-- question 1 data
insert into company (code, name, zip, country) values ('AAA', 'AAA corp','2022', 'Australia');
insert into company (code, name, zip, country) values ('BBB', 'BBB corp','2035', 'australia');
insert into company (code, name, zip, country) values ('CCC', 'CCC corp','1024', 'china');
insert into company (code, name, zip, country) values ('DDD', 'DDD corp','3011', 'Australia');
insert into company (code, name, zip, country) values ('EEE', 'EEE corp','1244', 'US');
insert into company (code, name, zip, country) values ('FFF', 'FFF corp','0255', 'Australia');
insert into company (code, name, zip, country) values ('GGG', 'GGG corp','4854', 'Australia');
insert into company (code, name, zip, country) values ('HHH', 'HHH corp','9842', 'Australia');

insert into Executive (code, person) values ('AAA', 'Mark');
insert into Executive (code, person) values ('AAA', 'Jane');
insert into Executive (code, person) values ('BBB', 'Duke');
insert into Executive (code, person) values ('BBB', 'Twain');
insert into Executive (code, person) values ('CCC', 'Mark');
insert into Executive (code, person) values ('CCC', 'Jone');
insert into Executive (code, person) values ('AAA', 'Juanna');
insert into Executive (code, person) values ('AAA', 'October');
insert into Executive (code, person) values ('AAA', 'Summer');
insert into Executive (code, person) values ('AAA', 'Chan');
insert into Executive (code, person) values ('DDD', 'Duke');
insert into Executive (code, person) values ('DDD', 'Lucas');
insert into Executive (code, person) values ('CCC', 'Dublin');

-- q3
insert into category (code, sector, industry) values ('AAA','Milk', 'Farming');
insert into category (code, sector, industry) values ('BBB','Technology', 'SoC');
insert into category (code, sector, industry) values ('CCC','Milk', 'Farming');
insert into category (code, sector, industry) values ('DDD','Technology', 'Farming');
insert into category (code, sector, industry) values ('DDD','Services', 'Hotail');
insert into category (code, sector, industry) values ('EEE','Technology', 'Farming');
insert into category (code, sector, industry) values ('FFF','Services', 'Delivery');
insert into category (code, sector, industry) values ('GGG','Milk', 'Farming');
